{
  "method": "cvae",
  "ckpt": "checkpoints\\run_01\\best.pt",
  "epoch": 46,
  "results": [
    {
      "method": "cvae",
      "regime": "small",
      "n_images": 3000,
      "mse": 0.00025296574357313754,
      "ssim": 0.9856735000809034,
      "psnr": 38.00232289568583,
      "lpips": 0.011580366197934684,
      "fid": 1.5731709003448486
    },
    {
      "method": "cvae",
      "regime": "medium",
      "n_images": 3000,
      "mse": 0.002073010308604959,
      "ssim": 0.9414402919809024,
      "psnr": 27.85078646214803,
      "lpips": 0.06602960378242036,
      "fid": 7.926677227020264
    },
    {
      "method": "cvae",
      "regime": "large",
      "n_images": 3000,
      "mse": 0.006575348484834345,
      "ssim": 0.8563074264725049,
      "psnr": 22.571420312881468,
      "lpips": 0.1668712916523218,
      "fid": 25.986902236938477
    }
  ]
}